8247189,30,,6276,–î–∑–µ—Ä–∂–∏–Ω—Å–∫,,39
1591517,57,,1,–ú–æ—Å–∫–≤–∞,www.wedvictory.ru,1107
1620430,6,,282,–ú–∏–Ω—Å–∫,,174
4623527,3,33,,,,71
4624537,1,33,282,–ú–∏–Ω—Å–∫,"–ß–µ–º –±–æ–ª—å—à–µ –∂–∏–≤—ë—à—å, —Ç–µ–º –±–æ–ª—å—à–µ —Ö–æ—á–µ—Ç—Å—è.",82
5199685,2,,282,–ú–∏–Ω—Å–∫,,127
5544249,36,33,649,–ì—Ä–æ–¥–Ω–æ,,565
5618267,9,,282,–ú–∏–Ω—Å–∫,"Sometimes you eat the bear and sometimes the bear, well, he eats you.",21
6569856,0,,282,–ú–∏–Ω—Å–∫,,30
6646375,7,,282,–ú–∏–Ω—Å–∫,,70
8188282,9,,,,"–∂–µ–Ω—â–∏–Ω—ã —Å–∞–º–∏ –Ω–µ –∑–Ω–∞—é—Ç, —á–µ–≥–æ —Ö–æ—Ç—è—Ç, –∞ –º—É–∂—á–∏–Ω—ã —Ö–æ—Ç—è—Ç —Ç–æ–≥–æ, —á–µ–≥–æ –Ω–µ –∑–Ω–∞—é—Ç",1015
8247189,30,,6276,–î–∑–µ—Ä–∂–∏–Ω—Å–∫,,39
10095861,23,31,282,–ú–∏–Ω—Å–∫,,1240
12054237,1,,1113,–õ–∏–¥–∞,–∏–∑–º–µ–Ω–∏—Ç—å —Å—Ç–∞—Ç—É—Å,8
16264909,79,,282,–ú–∏–Ω—Å–∫,,935
16322485,26,,282,–ú–∏–Ω—Å–∫,,320
19310332,3,,282,–ú–∏–Ω—Å–∫,,2
19423946,3,,,,—Å—á–∞—Å—Ç–ª–∏–≤–æ–µ —Å—á–∞—Å—Ç—å–µ ‚ù§,8
24147085,12,,282,–ú–∏–Ω—Å–∫,,16
25000984,10,,282,–ú–∏–Ω—Å–∫,"–û—Ä–≥–∞–Ω–∏–∑–∞—Ü–∏—è –ø—Ä–∞–∑–¥–Ω–∏–∫–æ–≤, —Å–≤–∞–¥–µ–±, –∂–∏–≤–∞—è –º—É–∑—ã–∫–∞, –∫–æ–Ω—Ü–µ—Ä—Ç–Ω–∞—è –¥–µ—è—Ç–µ–ª—å–Ω–æ—Å—Ç—å, –∞—Ä–µ–Ω–¥–∞ –∑–≤—É–∫–∞, –º—É–∑ —à–∫–æ–ª–∞, —Å–∞–π—Ç vip-class.deal.by +375293388828",227
31463563,63,,,,‚ù§‚ù§ —Å—á–∞—Å—Ç–ª–∏–≤–∞ –Ø :),637
33300925,4,32,282,–ú–∏–Ω—Å–∫,),164
37609822,62,,,,"–£ –∫–æ–≥–æ-—Ç–æ —Å—á–∞—Å—Ç—å–µ –≤ —Å—ã–Ω–µ,—É –∫–æ–≥–æ-—Ç–æ –≤ –¥–æ—á–∫–µ.–£ –º–µ–Ω—è –¥–≤–æ–π–Ω–æ–µ —Å—á–∞—Å—Ç—å–µ: –≤ –¥–æ—á–∫–µ –∏ —Å—ã–Ω–æ—á–∫–µ!!!üòÜüòôüòç Ôøº",292
38104446,9,,282,–ú–∏–Ω—Å–∫,,422
40224170,45,,,,"–ï—Å–ª–∏ –º–Ω–µ –ø–ª—é—é—Ç –≤ —Å–ø–∏–Ω—É,  –∑–Ω–∞—á–∏—Ç —è –≤–ø–µ—Ä–µ–¥–∏!",2002
41045290,7,,538,–ë–∞—Ä–∞–Ω–æ–≤–∏—á–∏,,4
41577672,50,33,282,–ú–∏–Ω—Å–∫,–≤ –æ–∂–∏–¥–∞–Ω–∏–∏ —á—É–¥–∞....  —Å–∞–º–∞—è —Å—á–∞—Å—Ç–ª–∏–≤–∞—è –º–∞–º–∞ –Ω–∞ —Å–≤–µ—Ç–µ,3040
49340777,6,,649,–ì—Ä–æ–¥–Ω–æ,,13
49678560,5,,282,–ú–∏–Ω—Å–∫,–í –∂–∏–∑–Ω–∏ –µ—Å—Ç—å –æ–¥–Ω–æ –ø—Ä–æ—Å—Ç–æ–µ —Å—á–∞—Å—Ç—å–µ - –∂–∏—Ç—å –¥–ª—è –¥—Ä—É–≥–∏—Ö)))...–¢–æ–ª—Å—Ç–æ–π,175
50531503,36,,282,–ú–∏–Ω—Å–∫,–§–æ—Ç–æ–≥—Ä–∞—Ñ +375292749254 —Å–≤–∞–¥–µ–±–Ω–∞—è –∏ —Å–µ–º–µ–π–Ω–∞—è —Ñ–æ—Ç–æ–≥—Ä–∞—Ñ–∏—è,346
50849917,26,,282,–ú–∏–Ω—Å–∫,"–ù–∏—á–µ–≥–æ –Ω–µ—Ç –ª—É—á—à–µ –≤ –º–∏—Ä–µ ‚Äì –ì–æ–≤–æ—Ä—é –≤–∞–º, –Ω–µ —Ç–∞—è, ‚Äì –ß–µ–º –æ—Ç–¥–µ–ª—å–Ω–∞—è –∫–≤–∞—Ä—Ç–∏—Ä–∞, –ò —Ç–µ–º –±–æ–ª–µ–µ —Å–≤–æ—è!!!",266
52146077,23,35,282,–ú–∏–Ω—Å–∫,"–°–∞–º–∞—è –±–æ–ª—å—à–∞—è —Å–∏–ª–∞ –º—É–∂—á–∏–Ω—ã - –ª—é–±—è—â–∞—è –∂–µ–Ω—â–∏–Ω–∞. –û–Ω–∞ - –µ–≥–æ —á–µ—Å—Ç—å, –µ–≥–æ –≤–µ—Ä–∞, –µ–≥–æ –¥–æ—Å—Ç–æ–∏–Ω—Å—Ç–≤–æ!",296
58505495,3,,,,Inst: zhrulian,1
